{
  "Nodes": [
    {
      "Annotation": "all_tundra_nodes",
      "DisplayName": null,
      "Inputs": [],
      "Outputs": [],
      "ToBuildDependencies": [
        1,
        2,
        3
      ],
      "OverwriteOutputs": false,
      "DebugActionIndex": 0
    },
    {
      "Annotation": "ScriptAssemblies",
      "DisplayName": null,
      "Inputs": [],
      "Outputs": [],
      "OverwriteOutputs": false,
      "DebugActionIndex": 1
    },
    {
      "Annotation": "BuildPlayerDataGenerator Library/BuildPlayerData/Editor/TypeDb-All.json",
      "DisplayName": "BuildPlayerDataGenerator TypeDb-All",
      "Action": "\"C:/Program Files/Unity/Hub/Editor/2022.3.18f1/Editor/Data\\Tools\\netcorerun\\netcorerun.exe\" \"C:/Program Files/Unity/Hub/Editor/2022.3.18f1/Editor/Data/Tools/BuildPlayerDataGenerator/BuildPlayerDataGenerator.exe\" -a=\"C:\\Unity Projects\\Rollaball\\Library\\ScriptAssemblies\\Assembly-CSharp.dll\" -a=\"C:\\Unity Projects\\Rollaball\\Library\\ScriptAssemblies\\Unity.Burst.dll\" -a=\"C:\\Unity Projects\\Rollaball\\Library\\ScriptAssemblies\\Unity.InputSystem.dll\" -a=\"C:\\Unity Projects\\Rollaball\\Library\\ScriptAssemblies\\Unity.InputSystem.ForUI.dll\" -a=\"C:\\Unity Projects\\Rollaball\\Library\\ScriptAssemblies\\Unity.InputSystem.TestFramework.dll\" -a=\"C:\\Unity Projects\\Rollaball\\Library\\ScriptAssemblies\\Unity.Mathematics.dll\" -a=\"C:\\Unity Projects\\Rollaball\\Library\\ScriptAssemblies\\Unity.RenderPipeline.Universal.ShaderLibrary.dll\" -a=\"C:\\Unity Projects\\Rollaball\\Library\\ScriptAssemblies\\Unity.RenderPipelines.Core.Runtime.dll\" -a=\"C:\\Unity Projects\\Rollaball\\Library\\ScriptAssemblies\\Unity.RenderPipelines.Core.ShaderLibrary.dll\" -a=\"C:\\Unity Projects\\Rollaball\\Library\\ScriptAssemblies\\Unity.RenderPipelines.ShaderGraph.ShaderGraphLibrary.dll\" -a=\"C:\\Unity Projects\\Rollaball\\Library\\ScriptAssemblies\\Unity.RenderPipelines.Universal.Config.Runtime.dll\" -a=\"C:\\Unity Projects\\Rollaball\\Library\\ScriptAssemblies\\Unity.RenderPipelines.Universal.Runtime.dll\" -a=\"C:\\Unity Projects\\Rollaball\\Library\\ScriptAssemblies\\Unity.RenderPipelines.Universal.Shaders.dll\" -a=\"C:\\Unity Projects\\Rollaball\\Library\\ScriptAssemblies\\Unity.TextMeshPro.dll\" -a=\"C:\\Unity Projects\\Rollaball\\Library\\ScriptAssemblies\\Unity.Timeline.dll\" -a=\"C:\\Unity Projects\\Rollaball\\Library\\ScriptAssemblies\\Unity.VisualScripting.Core.dll\" -a=\"C:\\Unity Projects\\Rollaball\\Library\\ScriptAssemblies\\Unity.VisualScripting.Flow.dll\" -a=\"C:\\Unity Projects\\Rollaball\\Library\\ScriptAssemblies\\Unity.VisualScripting.State.dll\" -a=\"C:\\Unity Projects\\Rollaball\\Library\\ScriptAssemblies\\UnityEngine.TestRunner.dll\" -a=\"C:\\Unity Projects\\Rollaball\\Library\\ScriptAssemblies\\UnityEngine.UI.dll\" -a=\"C:\\Unity Projects\\Rollaball\\Library\\PackageCache\\com.unity.burst@1.8.12\\Unity.Burst.CodeGen\\Unity.Burst.Cecil.dll\" -a=\"C:\\Unity Projects\\Rollaball\\Library\\PackageCache\\com.unity.burst@1.8.12\\Unity.Burst.CodeGen\\Unity.Burst.Cecil.Mdb.dll\" -a=\"C:\\Unity Projects\\Rollaball\\Library\\PackageCache\\com.unity.burst@1.8.12\\Unity.Burst.CodeGen\\Unity.Burst.Cecil.Pdb.dll\" -a=\"C:\\Unity Projects\\Rollaball\\Library\\PackageCache\\com.unity.burst@1.8.12\\Unity.Burst.CodeGen\\Unity.Burst.Cecil.Rocks.dll\" -a=\"C:\\Unity Projects\\Rollaball\\Library\\PackageCache\\com.unity.burst@1.8.12\\Unity.Burst.Unsafe.dll\" -a=\"C:\\Unity Projects\\Rollaball\\Library\\PackageCache\\com.unity.ext.nunit@1.0.6\\net35\\unity-custom\\nunit.framework.dll\" -a=\"C:\\Unity Projects\\Rollaball\\Library\\PackageCache\\com.unity.visualscripting@1.9.1\\Runtime\\VisualScripting.Flow\\Dependencies\\NCalc\\Unity.VisualScripting.Antlr3.Runtime.dll\" -s=\"C:\\Program Files\\Unity\\Hub\\Editor\\2022.3.18f1\\Editor\\Data\\Managed\\UnityEngine\" -s=\"C:\\Program Files\\Unity\\Hub\\Editor\\2022.3.18f1\\Editor\\Data\\NetStandard\\compat\\2.1.0\\shims\\netfx\" -s=\"C:\\Program Files\\Unity\\Hub\\Editor\\2022.3.18f1\\Editor\\Data\\NetStandard\\compat\\2.1.0\\shims\\netstandard\" -s=\"C:\\Program Files\\Unity\\Hub\\Editor\\2022.3.18f1\\Editor\\Data\\NetStandard\\Extensions\\2.0.0\" -s=\"C:\\Program Files\\Unity\\Hub\\Editor\\2022.3.18f1\\Editor\\Data\\NetStandard\\ref\\2.1.0\" -s=\"C:\\Unity Projects\\Rollaball\\Library\\ScriptAssemblies\" -s=\"C:\\Unity Projects\\Rollaball\\Library\\PackageCache\\com.unity.burst@1.8.12\" -s=\"C:\\Unity Projects\\Rollaball\\Library\\PackageCache\\com.unity.burst@1.8.12\\Unity.Burst.CodeGen\" -s=\"C:\\Unity Projects\\Rollaball\\Library\\PackageCache\\com.unity.ext.nunit@1.0.6\\net35\\unity-custom\" -s=\"C:\\Unity Projects\\Rollaball\\Library\\PackageCache\\com.unity.visualscripting@1.9.1\\Runtime\\VisualScripting.Flow\\Dependencies\\NCalc\" -o=\"Library/BuildPlayerData/Editor\" -rn=\"\" -tn=\"TypeDb-All.json\"",
      "Inputs": [
        "C:/Program Files/Unity/Hub/Editor/2022.3.18f1/Editor/Data/Tools/netcorerun/netcorerun.exe",
        "C:/Program Files/Unity/Hub/Editor/2022.3.18f1/Editor/Data/Tools/BuildPlayerDataGenerator/BuildPlayerDataGenerator.exe",
        "Library/ScriptAssemblies/Assembly-CSharp.dll",
        "Library/ScriptAssemblies/Unity.Burst.dll",
        "Library/ScriptAssemblies/Unity.InputSystem.dll",
        "Library/ScriptAssemblies/Unity.InputSystem.ForUI.dll",
        "Library/ScriptAssemblies/Unity.InputSystem.TestFramework.dll",
        "Library/ScriptAssemblies/Unity.Mathematics.dll",
        "Library/ScriptAssemblies/Unity.RenderPipeline.Universal.ShaderLibrary.dll",
        "Library/ScriptAssemblies/Unity.RenderPipelines.Core.Runtime.dll",
        "Library/ScriptAssemblies/Unity.RenderPipelines.Core.ShaderLibrary.dll",
        "Library/ScriptAssemblies/Unity.RenderPipelines.ShaderGraph.ShaderGraphLibrary.dll",
        "Library/ScriptAssemblies/Unity.RenderPipelines.Universal.Config.Runtime.dll",
        "Library/ScriptAssemblies/Unity.RenderPipelines.Universal.Runtime.dll",
        "Library/ScriptAssemblies/Unity.RenderPipelines.Universal.Shaders.dll",
        "Library/ScriptAssemblies/Unity.TextMeshPro.dll",
        "Library/ScriptAssemblies/Unity.Timeline.dll",
        "Library/ScriptAssemblies/Unity.VisualScripting.Core.dll",
        "Library/ScriptAssemblies/Unity.VisualScripting.Flow.dll",
        "Library/ScriptAssemblies/Unity.VisualScripting.State.dll",
        "Library/ScriptAssemblies/UnityEngine.TestRunner.dll",
        "Library/ScriptAssemblies/UnityEngine.UI.dll",
        "Library/PackageCache/com.unity.burst@1.8.12/Unity.Burst.CodeGen/Unity.Burst.Cecil.dll",
        "Library/PackageCache/com.unity.burst@1.8.12/Unity.Burst.CodeGen/Unity.Burst.Cecil.Mdb.dll",
        "Library/PackageCache/com.unity.burst@1.8.12/Unity.Burst.CodeGen/Unity.Burst.Cecil.Pdb.dll",
        "Library/PackageCache/com.unity.burst@1.8.12/Unity.Burst.CodeGen/Unity.Burst.Cecil.Rocks.dll",
        "Library/PackageCache/com.unity.burst@1.8.12/Unity.Burst.Unsafe.dll",
        "Library/PackageCache/com.unity.ext.nunit@1.0.6/net35/unity-custom/nunit.framework.dll",
        "Library/PackageCache/com.unity.visualscripting@1.9.1/Runtime/VisualScripting.Flow/Dependencies/NCalc/Unity.VisualScripting.Antlr3.Runtime.dll"
      ],
      "Outputs": [
        "Library/BuildPlayerData/Editor/TypeDb-All.json"
      ],
      "AllowUnexpectedOutput": true,
      "Env": [],
      "DebugActionIndex": 2
    },
    {
      "Annotation": "ScriptAssembliesAndTypeDB",
      "DisplayName": null,
      "Inputs": [],
      "Outputs": [],
      "ToBuildDependencies": [
        1,
        2
      ],
      "OverwriteOutputs": false,
      "DebugActionIndex": 3
    }
  ],
  "FileSignatures": [
    {
      "File": "C:/Program Files/Unity/Hub/Editor/2022.3.18f1/Editor/Data/Tools/BuildPipeline/Bee.BuildTools.dll"
    },
    {
      "File": "C:/Program Files/Unity/Hub/Editor/2022.3.18f1/Editor/Data/Tools/BuildPipeline/Bee.Core.dll"
    },
    {
      "File": "C:/Program Files/Unity/Hub/Editor/2022.3.18f1/Editor/Data/Tools/BuildPipeline/Bee.CSharpSupport.dll"
    },
    {
      "File": "C:/Program Files/Unity/Hub/Editor/2022.3.18f1/Editor/Data/Tools/BuildPipeline/Bee.DotNet.dll"
    },
    {
      "File": "C:/Program Files/Unity/Hub/Editor/2022.3.18f1/Editor/Data/Tools/BuildPipeline/Bee.NativeProgramSupport.dll"
    },
    {
      "File": "C:/Program Files/Unity/Hub/Editor/2022.3.18f1/Editor/Data/Tools/BuildPipeline/Bee.Stevedore.Program.exe"
    },
    {
      "File": "C:/Program Files/Unity/Hub/Editor/2022.3.18f1/Editor/Data/Tools/BuildPipeline/Bee.TinyProfiler2.dll"
    },
    {
      "File": "C:/Program Files/Unity/Hub/Editor/2022.3.18f1/Editor/Data/Tools/BuildPipeline/Bee.Toolchain.GNU.dll"
    },
    {
      "File": "C:/Program Files/Unity/Hub/Editor/2022.3.18f1/Editor/Data/Tools/BuildPipeline/Bee.Toolchain.LLVM.dll"
    },
    {
      "File": "C:/Program Files/Unity/Hub/Editor/2022.3.18f1/Editor/Data/Tools/BuildPipeline/Bee.Toolchain.VisualStudio.dll"
    },
    {
      "File": "C:/Program Files/Unity/Hub/Editor/2022.3.18f1/Editor/Data/Tools/BuildPipeline/Bee.Toolchain.Xcode.dll"
    },
    {
      "File": "C:/Program Files/Unity/Hub/Editor/2022.3.18f1/Editor/Data/Tools/BuildPipeline/Bee.Tools.dll"
    },
    {
      "File": "C:/Program Files/Unity/Hub/Editor/2022.3.18f1/Editor/Data/Tools/BuildPipeline/Bee.TundraBackend.dll"
    },
    {
      "File": "C:/Program Files/Unity/Hub/Editor/2022.3.18f1/Editor/Data/Tools/BuildPipeline/Bee.VisualStudioSolution.dll"
    },
    {
      "File": "C:/Program Files/Unity/Hub/Editor/2022.3.18f1/Editor/Data/Tools/BuildPipeline/BeeBuildProgramCommon.Data.dll"
    },
    {
      "File": "C:/Program Files/Unity/Hub/Editor/2022.3.18f1/Editor/Data/Tools/BuildPipeline/BeeBuildProgramCommon.dll"
    },
    {
      "File": "C:/Program Files/Unity/Hub/Editor/2022.3.18f1/Editor/Data/Tools/BuildPipeline/BeeLocalCacheTool.exe"
    },
    {
      "File": "C:/Program Files/Unity/Hub/Editor/2022.3.18f1/Editor/Data/Tools/BuildPipeline/Newtonsoft.Json.dll"
    },
    {
      "File": "C:/Program Files/Unity/Hub/Editor/2022.3.18f1/Editor/Data/Tools/BuildPipeline/NiceIO.dll"
    },
    {
      "File": "C:/Program Files/Unity/Hub/Editor/2022.3.18f1/Editor/Data/Tools/BuildPipeline/PlayerBuildProgramLibrary.Data.dll"
    },
    {
      "File": "C:/Program Files/Unity/Hub/Editor/2022.3.18f1/Editor/Data/Tools/BuildPipeline/PlayerBuildProgramLibrary.dll"
    },
    {
      "File": "C:/Program Files/Unity/Hub/Editor/2022.3.18f1/Editor/Data/Tools/BuildPipeline/ScriptCompilationBuildProgram.Data.dll"
    },
    {
      "File": "C:/Program Files/Unity/Hub/Editor/2022.3.18f1/Editor/Data/Tools/BuildPipeline/ScriptCompilationBuildProgram.exe"
    },
    {
      "File": "C:/Program Files/Unity/Hub/Editor/2022.3.18f1/Editor/Data/Tools/BuildPipeline/SharpYaml.dll"
    },
    {
      "File": "C:/Program Files/Unity/Hub/Editor/2022.3.18f1/Editor/Data/Tools/BuildPipeline/Unity.Api.Attributes.dll"
    },
    {
      "File": "C:/Program Files/Unity/Hub/Editor/2022.3.18f1/Editor/Data/Tools/BuildPipeline/Unity.Cecil.dll"
    },
    {
      "File": "C:/Program Files/Unity/Hub/Editor/2022.3.18f1/Editor/Data/Tools/BuildPipeline/Unity.Cecil.Mdb.dll"
    },
    {
      "File": "C:/Program Files/Unity/Hub/Editor/2022.3.18f1/Editor/Data/Tools/BuildPipeline/Unity.Cecil.Pdb.dll"
    },
    {
      "File": "C:/Program Files/Unity/Hub/Editor/2022.3.18f1/Editor/Data/Tools/BuildPipeline/Unity.Cecil.Rocks.dll"
    },
    {
      "File": "C:/Program Files/Unity/Hub/Editor/2022.3.18f1/Editor/Data/Tools/BuildPipeline/Unity.IL2CPP.Api.dll"
    },
    {
      "File": "C:/Program Files/Unity/Hub/Editor/2022.3.18f1/Editor/Data/Tools/BuildPipeline/Unity.IL2CPP.Bee.BuildLogic.dll"
    },
    {
      "File": "C:/Program Files/Unity/Hub/Editor/2022.3.18f1/Editor/Data/Tools/BuildPipeline/Unity.IL2CPP.Bee.IL2CPPExeCompileCppBuildProgram.Data.dll"
    },
    {
      "File": "C:/Program Files/Unity/Hub/Editor/2022.3.18f1/Editor/Data/Tools/BuildPipeline/Unity.Linker.Api.dll"
    },
    {
      "File": "C:/Program Files/Unity/Hub/Editor/2022.3.18f1/Editor/Data/Tools/BuildPipeline/Unity.Options.dll"
    },
    {
      "File": "Library/Bee/1900b0aESkipCompile-inputdata.json"
    }
  ],
  "StatSignatures": [
    {
      "File": "Assets/csc.rsp"
    },
    {
      "File": "Assets/mcs.rsp"
    },
    {
      "File": "Library/Bee/1900b0aESkipCompile-inputdata.json"
    },
    {
      "File": "Library/PackageCache/com.unity.burst@1.8.12/Unity.Burst.CodeGen/Unity.Burst.Cecil.dll"
    },
    {
      "File": "Library/PackageCache/com.unity.burst@1.8.12/Unity.Burst.CodeGen/Unity.Burst.Cecil.Mdb.dll"
    },
    {
      "File": "Library/PackageCache/com.unity.burst@1.8.12/Unity.Burst.CodeGen/Unity.Burst.Cecil.Pdb.dll"
    },
    {
      "File": "Library/PackageCache/com.unity.burst@1.8.12/Unity.Burst.CodeGen/Unity.Burst.Cecil.Rocks.dll"
    },
    {
      "File": "Library/PackageCache/com.unity.burst@1.8.12/Unity.Burst.Unsafe.dll"
    },
    {
      "File": "Library/PackageCache/com.unity.ext.nunit@1.0.6/net35/unity-custom/nunit.framework.dll"
    },
    {
      "File": "Library/PackageCache/com.unity.visualscripting@1.9.1/Runtime/VisualScripting.Flow/Dependencies/NCalc/Unity.VisualScripting.Antlr3.Runtime.dll"
    },
    {
      "File": "Library/ScriptAssemblies/Assembly-CSharp.dll"
    },
    {
      "File": "Library/ScriptAssemblies/Unity.Burst.dll"
    },
    {
      "File": "Library/ScriptAssemblies/Unity.InputSystem.dll"
    },
    {
      "File": "Library/ScriptAssemblies/Unity.InputSystem.ForUI.dll"
    },
    {
      "File": "Library/ScriptAssemblies/Unity.InputSystem.TestFramework.dll"
    },
    {
      "File": "Library/ScriptAssemblies/Unity.Mathematics.dll"
    },
    {
      "File": "Library/ScriptAssemblies/Unity.RenderPipeline.Universal.ShaderLibrary.dll"
    },
    {
      "File": "Library/ScriptAssemblies/Unity.RenderPipelines.Core.Runtime.dll"
    },
    {
      "File": "Library/ScriptAssemblies/Unity.RenderPipelines.Core.ShaderLibrary.dll"
    },
    {
      "File": "Library/ScriptAssemblies/Unity.RenderPipelines.ShaderGraph.ShaderGraphLibrary.dll"
    },
    {
      "File": "Library/ScriptAssemblies/Unity.RenderPipelines.Universal.Config.Runtime.dll"
    },
    {
      "File": "Library/ScriptAssemblies/Unity.RenderPipelines.Universal.Runtime.dll"
    },
    {
      "File": "Library/ScriptAssemblies/Unity.RenderPipelines.Universal.Shaders.dll"
    },
    {
      "File": "Library/ScriptAssemblies/Unity.TextMeshPro.dll"
    },
    {
      "File": "Library/ScriptAssemblies/Unity.Timeline.dll"
    },
    {
      "File": "Library/ScriptAssemblies/Unity.VisualScripting.Core.dll"
    },
    {
      "File": "Library/ScriptAssemblies/Unity.VisualScripting.Flow.dll"
    },
    {
      "File": "Library/ScriptAssemblies/Unity.VisualScripting.State.dll"
    },
    {
      "File": "Library/ScriptAssemblies/UnityEngine.TestRunner.dll"
    },
    {
      "File": "Library/ScriptAssemblies/UnityEngine.UI.dll"
    }
  ],
  "GlobSignatures": [
    {
      "Path": "C:/Program Files/Unity/Hub/Editor/2022.3.18f1/Editor/Data/Tools/BuildPipeline"
    }
  ],
  "ContentDigestExtensions": [
    ".rsp",
    ".dll",
    ".exe",
    ".pdb"
  ],
  "StructuredLogFileName": "Library/Bee/tundra.log.json",
  "StateFileName": "Library/Bee/TundraBuildState.state",
  "StateFileNameTmp": "Library/Bee/TundraBuildState.state.tmp",
  "StateFileNameMapped": "Library/Bee/TundraBuildState.state.map",
  "ScanCacheFileName": "Library/Bee/tundra.scancache",
  "ScanCacheFileNameTmp": "Library/Bee/tundra.scancache.tmp",
  "DigestCacheFileName": "Library/Bee/tundra.digestcache",
  "DigestCacheFileNameTmp": "Library/Bee/tundra.digestcache.tmp",
  "CachedNodeOutputDirectoryName": "Library/Bee/CachedNodeOutput",
  "EmitDataForBeeWhy": 0,
        "NamedNodes": {
          "all_tundra_nodes": 0,
          "ScriptAssemblies": 1,
          "ScriptAssembliesAndTypeDB": 3
        }
,  "DefaultNodes": [
    0
  ],
  "SharedResources": [],
  "Scanners": [],
  "Identifier": "Library/Bee/1900b0aESkipCompile.dag.json",
  "PayloadsFile": "C:/Unity Projects/Rollaball/Library/Bee/1900b0aESkipCompile.dag.payloads",
  "RelativePathToRoot": "../.."
}